{
  "project_info": {
    "project_number": "897356252162",
    "project_id": "vcare-3e00b",
    "storage_bucket": "vcare-3e00b.appspot.com"
  },
  "client": [
    {
      "client_info": {
        "mobilesdk_app_id": "1:897356252162:android:86fa730204a7dce6f0531b",
        "android_client_info": {
          "package_name": "com.example.vcare"
        }
      },
      "oauth_client": [
        {
          "client_id": "897356252162-8p0hml4gpd5lu0vehs3305p1barkgq8s.apps.googleusercontent.com",
          "client_type": 3
        }
      ],
      "api_key": [
        {
          "current_key": "AIzaSyC3eIz7gOYN1NoLwsprerFw-wJvQFr87Qo"
        }
      ],
      "services": {
        "appinvite_service": {
          "other_platform_oauth_client": [
            {
              "client_id": "897356252162-8p0hml4gpd5lu0vehs3305p1barkgq8s.apps.googleusercontent.com",
              "client_type": 3
            }
          ]
        }
      }
    }
  ],
  "configuration_version": "1"
}